{
    "prepare_queue": {
        "installed": [],
        "uninstalled": []
    },
    "config_munge": {
        "files": {
            "config.xml": {
                "parents": {
                    "/*": [
                        {
                            "xml": "<feature name=\"Device\"><param name=\"ios-package\" value=\"CDVDevice\" /></feature>",
                            "count": 1
                        },
                        {
                            "xml": "<feature name=\"Notification\"><param name=\"ios-package\" value=\"CDVNotification\" /></feature>",
                            "count": 1
                        },
                        {
                            "xml": "<feature name=\"SplashScreen\"><param name=\"ios-package\" value=\"CDVSplashScreen\" /><param name=\"onload\" value=\"true\" /></feature>",
                            "count": 1
                        },
                        {
                            "xml": "<feature name=\"TouchID\"><param name=\"ios-package\" value=\"TouchID\" /></feature>",
                            "count": 1
                        }
                    ]
                }
            }
        }
    },
    "installed_plugins": {
        "cordova-plugin-android-fingerprint-auth": {
            "PACKAGE_NAME": "com.nbb.android"
        },
        "cordova-plugin-device": {
            "PACKAGE_NAME": "com.nbb.android"
        },
        "cordova-plugin-dialogs": {
            "PACKAGE_NAME": "com.nbb.android"
        },
        "cordova-plugin-splashscreen": {
            "PACKAGE_NAME": "com.nbb.android"
        },
        "cordova-plugin-touchid": {
            "PACKAGE_NAME": "com.nbb.android"
        },
        "cordova-plugin-whitelist": {
            "PACKAGE_NAME": "com.nbb.android"
        }
    },
    "dependent_plugins": {},
    "modules": [
        {
            "id": "cordova-plugin-android-fingerprint-auth.FingerprintAuth",
            "file": "plugins/cordova-plugin-android-fingerprint-auth/www/FingerprintAuth.js",
            "pluginId": "cordova-plugin-android-fingerprint-auth",
            "clobbers": [
                "FingerprintAuth"
            ]
        },
        {
            "id": "cordova-plugin-device.device",
            "file": "plugins/cordova-plugin-device/www/device.js",
            "pluginId": "cordova-plugin-device",
            "clobbers": [
                "device"
            ]
        },
        {
            "id": "cordova-plugin-dialogs.notification",
            "file": "plugins/cordova-plugin-dialogs/www/notification.js",
            "pluginId": "cordova-plugin-dialogs",
            "merges": [
                "navigator.notification"
            ]
        },
        {
            "id": "cordova-plugin-splashscreen.SplashScreen",
            "file": "plugins/cordova-plugin-splashscreen/www/splashscreen.js",
            "pluginId": "cordova-plugin-splashscreen",
            "clobbers": [
                "navigator.splashscreen"
            ]
        },
        {
            "id": "cordova-plugin-touchid.TouchID",
            "file": "plugins/cordova-plugin-touchid/www/touchid.js",
            "pluginId": "cordova-plugin-touchid",
            "clobbers": [
                "touchid"
            ]
        }
    ],
    "plugin_metadata": {
        "cordova-plugin-android-fingerprint-auth": "1.2.4",
        "cordova-plugin-device": "1.1.4",
        "cordova-plugin-dialogs": "1.3.1",
        "cordova-plugin-splashscreen": "4.0.1",
        "cordova-plugin-touchid": "0.4.0",
        "cordova-plugin-whitelist": "1.3.1"
    }
}