{
  "images" : [
    {
      "idiom" : "universal",
      "scale" : "1x"
    },
    {
      "idiom" : "universal",
      "scale" : "2x"
    },
    {
      "idiom" : "universal",
      "scale" : "3x"
    },
    {
      "idiom" : "universal",
      "scale" : "1x",
      "height-class" : "compact"
    },
    {
      "idiom" : "universal",
      "scale" : "2x",
      "height-class" : "compact"
    },
    {
      "idiom" : "universal",
      "scale" : "3x",
      "height-class" : "compact"
    },
    {
      "idiom" : "universal",
      "scale" : "1x",
      "width-class" : "compact"
    },
    {
      "idiom" : "universal",
      "scale" : "2x",
      "width-class" : "compact"
    },
    {
      "idiom" : "universal",
      "scale" : "3x",
      "width-class" : "compact"
    },
    {
      "idiom" : "universal",
      "width-class" : "compact",
      "height-class" : "compact",
      "scale" : "1x"
    },
    {
      "idiom" : "universal",
      "width-class" : "compact",
      "height-class" : "compact",
      "scale" : "2x"
    },
    {
      "idiom" : "universal",
      "width-class" : "compact",
      "height-class" : "compact",
      "scale" : "3x"
    },
    {
      "idiom" : "iphone",
      "filename" : "640x1136-6.png",
      "scale" : "1x"
    },
    {
      "idiom" : "iphone",
      "filename" : "640x1136-7.png",
      "scale" : "2x"
    },
    {
      "idiom" : "iphone",
      "filename" : "640x1136-9.png",
      "scale" : "3x"
    },
    {
      "idiom" : "iphone",
      "filename" : "640x1136-1.png",
      "height-class" : "compact",
      "scale" : "1x"
    },
    {
      "idiom" : "iphone",
      "filename" : "640x1136-10.png",
      "height-class" : "compact",
      "scale" : "2x"
    },
    {
      "idiom" : "iphone",
      "filename" : "640x1136-8.png",
      "height-class" : "compact",
      "scale" : "3x"
    },
    {
      "idiom" : "iphone",
      "filename" : "640x1136-3.png",
      "width-class" : "compact",
      "scale" : "1x"
    },
    {
      "idiom" : "iphone",
      "filename" : "640x1136-4.png",
      "width-class" : "compact",
      "scale" : "2x"
    },
    {
      "idiom" : "iphone",
      "filename" : "640x1136-11.png",
      "width-class" : "compact",
      "scale" : "3x"
    },
    {
      "idiom" : "iphone",
      "filename" : "640x1136-2.png",
      "width-class" : "compact",
      "height-class" : "compact",
      "scale" : "1x"
    },
    {
      "idiom" : "iphone",
      "filename" : "640x1136-5.png",
      "width-class" : "compact",
      "height-class" : "compact",
      "scale" : "2x"
    },
    {
      "idiom" : "iphone",
      "filename" : "640x1136.png",
      "width-class" : "compact",
      "height-class" : "compact",
      "scale" : "3x"
    },
    {
      "idiom" : "ipad",
      "scale" : "1x"
    },
    {
      "idiom" : "ipad",
      "scale" : "2x"
    },
    {
      "idiom" : "ipad",
      "scale" : "1x",
      "height-class" : "compact"
    },
    {
      "idiom" : "ipad",
      "scale" : "2x",
      "height-class" : "compact"
    },
    {
      "idiom" : "ipad",
      "scale" : "1x",
      "width-class" : "compact"
    },
    {
      "idiom" : "ipad",
      "scale" : "2x",
      "width-class" : "compact"
    },
    {
      "idiom" : "ipad",
      "width-class" : "compact",
      "height-class" : "compact",
      "scale" : "1x"
    },
    {
      "idiom" : "ipad",
      "width-class" : "compact",
      "height-class" : "compact",
      "scale" : "2x"
    }
  ],
  "info" : {
    "version" : 1,
    "author" : "xcode"
  }
}