{
  "images" : [
    {
      "idiom" : "universal",
      "scale" : "1x"
    },
    {
      "idiom" : "universal",
      "scale" : "2x"
    },
    {
      "idiom" : "universal",
      "scale" : "3x"
    },
    {
      "idiom" : "universal",
      "scale" : "1x",
      "height-class" : "compact"
    },
    {
      "idiom" : "universal",
      "scale" : "2x",
      "height-class" : "compact"
    },
    {
      "idiom" : "universal",
      "scale" : "3x",
      "height-class" : "compact"
    },
    {
      "idiom" : "universal",
      "scale" : "1x",
      "width-class" : "compact"
    },
    {
      "idiom" : "universal",
      "scale" : "2x",
      "width-class" : "compact"
    },
    {
      "idiom" : "universal",
      "scale" : "3x",
      "width-class" : "compact"
    },
    {
      "idiom" : "universal",
      "width-class" : "compact",
      "height-class" : "compact",
      "scale" : "1x"
    },
    {
      "idiom" : "universal",
      "width-class" : "compact",
      "height-class" : "compact",
      "scale" : "2x"
    },
    {
      "idiom" : "universal",
      "width-class" : "compact",
      "height-class" : "compact",
      "scale" : "3x"
    },
    {
      "idiom" : "iphone",
      "filename" : "adroid-soft-token-1.png",
      "scale" : "1x"
    },
    {
      "idiom" : "iphone",
      "filename" : "adroid-soft-token-2.png",
      "scale" : "2x"
    },
    {
      "idiom" : "iphone",
      "filename" : "adroid-soft-token-3.png",
      "scale" : "3x"
    },
    {
      "idiom" : "iphone",
      "filename" : "adroid-soft-token-4.png",
      "height-class" : "compact",
      "scale" : "1x"
    },
    {
      "idiom" : "iphone",
      "filename" : "adroid-soft-token-5.png",
      "height-class" : "compact",
      "scale" : "2x"
    },
    {
      "idiom" : "iphone",
      "filename" : "adroid-soft-token-6.png",
      "height-class" : "compact",
      "scale" : "3x"
    },
    {
      "idiom" : "iphone",
      "filename" : "adroid-soft-token-7.png",
      "width-class" : "compact",
      "scale" : "1x"
    },
    {
      "idiom" : "iphone",
      "filename" : "adroid-soft-token-8.png",
      "width-class" : "compact",
      "scale" : "2x"
    },
    {
      "idiom" : "iphone",
      "filename" : "adroid-soft-token-9.png",
      "width-class" : "compact",
      "scale" : "3x"
    },
    {
      "idiom" : "iphone",
      "filename" : "adroid-soft-token-10.png",
      "width-class" : "compact",
      "height-class" : "compact",
      "scale" : "1x"
    },
    {
      "idiom" : "iphone",
      "filename" : "adroid-soft-token-11.png",
      "width-class" : "compact",
      "height-class" : "compact",
      "scale" : "2x"
    },
    {
      "idiom" : "iphone",
      "filename" : "adroid-soft-token.png",
      "width-class" : "compact",
      "height-class" : "compact",
      "scale" : "3x"
    },
    {
      "idiom" : "ipad",
      "filename" : "Default~ipad.png",
      "scale" : "1x"
    },
    {
      "idiom" : "ipad",
      "filename" : "Default~ipad-1.png",
      "scale" : "2x"
    },
    {
      "idiom" : "ipad",
      "filename" : "Default~ipad-2.png",
      "height-class" : "compact",
      "scale" : "1x"
    },
    {
      "idiom" : "ipad",
      "filename" : "Default~ipad-3.png",
      "height-class" : "compact",
      "scale" : "2x"
    },
    {
      "idiom" : "ipad",
      "filename" : "Default~ipad-4.png",
      "width-class" : "compact",
      "scale" : "1x"
    },
    {
      "idiom" : "ipad",
      "filename" : "Default~ipad-5.png",
      "width-class" : "compact",
      "scale" : "2x"
    },
    {
      "idiom" : "ipad",
      "filename" : "Default~ipad-6.png",
      "width-class" : "compact",
      "height-class" : "compact",
      "scale" : "1x"
    },
    {
      "idiom" : "ipad",
      "filename" : "Default~ipad-7.png",
      "width-class" : "compact",
      "height-class" : "compact",
      "scale" : "2x"
    }
  ],
  "info" : {
    "version" : 1,
    "author" : "xcode"
  }
}